0,0,0,0,0,0
-4.9286e-08,0.0011576,-0.0012932,0.00013557,-4.9286e-08,1.6529e-08
-1.0301e-06,0.0048875,-0.0054599,0.0005721,-1.0301e-06,3.4545e-07
-5.6694e-06,0.01119,-0.0125,0.0013083,-5.6694e-06,1.9013e-06
-1.8665e-05,0.020063,-0.02241,0.0023408,-1.8665e-05,6.2588e-06
-4.6682e-05,0.031506,-0.035184,0.0036628,-4.6682e-05,1.565e-05
-9.8346e-05,0.045514,-0.050808,0.0052616,-9.8346e-05,3.2959e-05
-0.00018422,0.062078,-0.069256,0.0071158,-0.00018422,6.1701e-05
-0.0003168,0.081187,-0.090484,0.0091918,-0.0003168,0.000106
-0.00051044,0.10282,-0.11443,0.01144,-0.00051044,0.00017055
-0.00078128,0.12694,-0.141,0.013791,-0.00078128,0.00026053
-0.0011472,0.15353,-0.17006,0.016151,-0.0011472,0.00038153
-0.0016277,0.18251,-0.20145,0.018399,-0.0016277,0.00053946
-0.0022436,0.21384,-0.23496,0.020384,-0.0022436,0.00074034
-0.0030173,0.24742,-0.27034,0.021924,-0.0030173,0.00099025
-0.0039723,0.28318,-0.30727,0.022802,-0.0039723,0.0012951
-0.0051332,0.321,-0.34543,0.022775,-0.0051332,0.0016605
-0.0065257,0.36076,-0.38443,0.021571,-0.0065257,0.0020916
-0.0081766,0.40235,-0.42384,0.018895,-0.0081766,0.0025933
-0.010114,0.44563,-0.46324,0.014436,-0.010114,0.0031696
-0.012368,0.49046,-0.50216,0.0078714,-0.012368,0.0038243
-0.014968,0.53669,-0.54012,-0.0011285,-0.014968,0.0045607
-0.01795,0.58418,-0.57667,-0.012893,-0.01795,0.0053817
-0.021348,0.63277,-0.61131,-0.027746,-0.021348,0.0062902
-0.025201,0.6823,-0.64359,-0.046004,-0.025201,0.0072891
-0.029551,0.73261,-0.67302,-0.067973,-0.029551,0.0083813
-0.034446,0.78353,-0.69916,-0.093941,-0.034445,0.0095704
-0.039934,0.83487,-0.72156,-0.12418,-0.039934,0.01086
-0.046075,0.88643,-0.73976,-0.15894,-0.046074,0.012256
-0.052929,0.93801,-0.75334,-0.19845,-0.052928,0.013762
-0.060568,0.98938,-0.76188,-0.24292,-0.060566,0.015385
-0.069072,1.0403,-0.76496,-0.29252,-0.06907,0.017132
-0.078534,1.0905,-0.76218,-0.3474,-0.07853,0.01901
-0.08906,1.1397,-0.75316,-0.40768,-0.089055,0.021028
-0.10078,1.1877,-0.73755,-0.47345,-0.10077,0.023193
-0.11385,1.2341,-0.71502,-0.54478,-0.11384,0.025512
-0.12845,1.2787,-0.68529,-0.62167,-0.12844,0.027991
-0.14483,1.3213,-0.64815,-0.70412,-0.14481,0.03063
-0.16329,1.3616,-0.60345,-0.79204,-0.16327,0.033428
-0.18421,1.3995,-0.55122,-0.88531,-0.18418,0.036373
-0.20807,1.435,-0.49164,-0.98367,-0.20802,0.039445
-0.23544,1.4682,-0.42519,-1.0868,-0.23538,0.042607
-0.26695,1.4992,-0.35264,-1.194,-0.26686,0.045803
-0.3031,1.5286,-0.27508,-1.3047,-0.30298,0.048954
-0.3439,1.5567,-0.19376,-1.418,-0.34373,0.051969
-0.38832,1.5839,-0.1097,-1.5332,-0.3881,0.054764
-0.434,1.6102,-0.023443,-1.6498,-0.43372,0.057301
-0.47792,1.6356,0.064707,-1.7672,-0.47756,0.0596
-0.51766,1.6602,0.15394,-1.885,-0.51724,0.061713
-0.55229,1.6847,0.24261,-2.0018,-0.5518,0.063677
-0.58199,1.7098,0.3286,-2.1166,-0.58144,0.065503
-0.60747,1.7365,0.40995,-2.228,-0.60686,0.067186
-0.62951,1.7653,0.48516,-2.3351,-0.62885,0.068716
-0.64878,1.7966,0.55326,-2.4374,-0.64807,0.070089
-0.66579,1.8305,0.61373,-2.5345,-0.66504,0.071309
-0.68094,1.867,0.6664,-2.6261,-0.68014,0.072382
-0.69451,1.906,0.71129,-2.7122,-0.69367,0.073319
-0.70673,1.9472,0.74858,-2.7927,-0.70586,0.074134
-0.71778,1.9903,0.77854,-2.8677,-0.71687,0.07484
-0.72778,2.0351,0.80147,-2.9371,-0.72684,0.07545
-0.73685,2.0813,0.81776,-3.0011,-0.73588,0.075978
-0.74506,2.1286,0.82776,-3.0597,-0.74407,0.076434
-0.7525,2.1766,0.83189,-3.1131,-0.75148,0.07683
-0.75922,2.2252,0.83055,-3.1615,-0.75818,0.077175
-0.76529,2.274,0.82415,-3.2049,-0.76423,0.077475
-0.77076,2.3228,0.81311,-3.2436,-0.76968,0.077739
-0.77567,2.3714,0.79786,-3.2777,-0.77458,0.077971
-0.78006,2.4196,0.77882,-3.3076,-0.77896,0.078174
-0.78398,2.4671,0.75641,-3.3334,-0.78287,0.078353
-0.78746,2.5139,0.73106,-3.3554,-0.78634,0.078509
-0.79054,2.5597,0.70318,-3.3739,-0.78941,0.078643
-0.79325,2.6045,0.67321,-3.3891,-0.79212,0.078758
-0.79562,2.648,0.64155,-3.4014,-0.79448,0.078853
-0.79767,2.6902,0.60863,-3.4109,-0.79654,0.07893
-0.79945,2.7309,0.57484,-3.4181,-0.79831,0.078988
-0.80096,2.7699,0.5406,-3.4232,-0.79983,0.079028
-0.80224,2.8073,0.50629,-3.4264,-0.80111,0.07905
-0.80331,2.8429,0.47228,-3.428,-0.80218,0.079055
-0.80418,2.8765,0.43893,-3.4284,-0.80306,0.079044
-0.80489,2.9081,0.40658,-3.4277,-0.80377,0.079017
-0.80545,2.9376,0.37552,-3.4261,-0.80434,0.078975
-0.80588,2.9648,0.34605,-3.4238,-0.80477,0.07892
-0.8062,2.9899,0.3184,-3.4212,-0.8051,0.078852
-0.80642,3.0126,0.29279,-3.4181,-0.80533,0.078774
-0.80657,3.0329,0.2694,-3.415,-0.80548,0.078686
-0.80665,3.0508,0.2484,-3.4117,-0.80557,0.078589
-0.80668,3.0662,0.22989,-3.4085,-0.80561,0.078486
-0.80666,3.0792,0.21399,-3.4054,-0.80561,0.078377
-0.80662,3.0896,0.20076,-3.4024,-0.80557,0.078264
-0.80656,3.0975,0.19027,-3.3996,-0.80552,0.078147
-0.80648,3.1029,0.18254,-3.397,-0.80545,0.078027
-0.80638,3.1057,0.17762,-3.3947,-0.80536,0.077905
-0.80628,3.106,0.1755,-3.3927,-0.80527,0.07778
-0.80616,3.1037,0.1762,-3.3909,-0.80516,0.077654
-0.80604,3.0989,0.1797,-3.3893,-0.80504,0.077525
-0.8059,3.0915,0.18599,-3.388,-0.80491,0.077394
-0.80573,3.0815,0.19504,-3.3869,-0.80476,0.07726
-0.80554,3.0691,0.20681,-3.386,-0.80458,0.077121
-0.80532,3.0541,0.22122,-3.3852,-0.80436,0.076977
-0.80504,3.0367,0.23821,-3.3845,-0.8041,0.076827
-0.80471,3.0168,0.25766,-3.3838,-0.80377,0.076668
-0.8043,2.9945,0.27946,-3.3829,-0.80337,0.0765
-0.8038,2.9699,0.30344,-3.3819,-0.80288,0.076321
-0.80319,2.9429,0.32941,-3.3806,-0.80229,0.076128
-0.80246,2.9137,0.35715,-3.3787,-0.80157,0.075921
-0.80158,2.8823,0.3864,-3.3761,-0.8007,0.075697
-0.80053,2.8488,0.41688,-3.3726,-0.79967,0.075454
-0.7993,2.8134,0.44826,-3.3681,-0.79845,0.075192
-0.79785,2.776,0.48021,-3.3621,-0.79702,0.074908
-0.79617,2.7369,0.51234,-3.3545,-0.79535,0.074601
-0.79422,2.6962,0.54427,-3.345,-0.79342,0.07427
-0.79199,2.6539,0.57559,-3.3332,-0.79121,0.073913
-0.78945,2.6102,0.60589,-3.319,-0.78868,0.073529
-0.78655,2.5653,0.63473,-3.3021,-0.78581,0.073118
-0.78328,2.5193,0.66168,-3.282,-0.78256,0.072676
-0.7796,2.4723,0.68632,-3.2586,-0.7789,0.072202
-0.77546,2.4245,0.7082,-3.2315,-0.77479,0.071694
-0.77084,2.3761,0.72688,-3.2006,-0.77019,0.071149
-0.76568,2.3272,0.74194,-3.1655,-0.76506,0.070563
-0.75993,2.2782,0.75295,-3.1261,-0.75934,0.06993
-0.75355,2.2291,0.75948,-3.082,-0.753,0.069246
-0.74648,2.1803,0.7611,-3.0331,-0.74596,0.068504
-0.73864,2.1319,0.75742,-2.9793,-0.73815,0.067694
-0.72996,2.0843,0.74802,-2.9204,-0.72951,0.066809
-0.72035,2.0377,0.73254,-2.8562,-0.71993,0.065837
-0.70969,1.9923,0.71062,-2.7867,-0.70931,0.064766
-0.69785,1.9485,0.68193,-2.7118,-0.69752,0.063584
-0.68467,1.9065,0.6462,-2.6315,-0.68438,0.062277
-0.66991,1.8666,0.60325,-2.5458,-0.66967,0.060832
-0.65331,1.8288,0.55298,-2.4548,-0.65311,0.059236
-0.63449,1.7934,0.49549,-2.3586,-0.63434,0.057479
-0.61296,1.7602,0.43111,-2.2575,-0.61285,0.055552
-0.58808,1.729,0.36051,-2.1521,-0.58803,0.053452
-0.55909,1.6994,0.2848,-2.043,-0.55909,0.051178
-0.52514,1.6709,0.20554,-1.9311,-0.5252,0.048732
-0.48561,1.6426,0.12457,-1.8177,-0.48573,0.046108
-0.44068,1.6139,0.043591,-1.7037,-0.44085,0.043285
-0.392,1.5846,-0.036417,-1.59,-0.39223,0.040226
-0.34272,1.5547,-0.11536,-1.4768,-0.343,0.036903
-0.29619,1.5246,-0.19333,-1.3644,-0.29651,0.033336
-0.25457,1.4943,-0.26981,-1.2533,-0.25492,0.029597
-0.21847,1.4632,-0.34357,-1.1443,-0.21885,0.025788
-0.1875,1.4308,-0.41313,-1.0383,-0.18791,0.022
-0.16091,1.3967,-0.4772,-0.93622,-0.16133,0.018303
-0.13792,1.3605,-0.53485,-0.83867,-0.13836,0.014745
-0.11788,1.322,-0.58553,-0.74606,-0.11835,0.011354
-0.10027,1.2813,-0.62895,-0.65867,-0.10076,0.0081443
-0.084701,1.2385,-0.66507,-0.57666,-0.08521,0.0051196
-0.070852,1.1937,-0.69399,-0.50011,-0.071381,0.0022784
-0.058486,1.1472,-0.71589,-0.42904,-0.059035,-0.00038524
-0.047413,1.0993,-0.73106,-0.36343,-0.047982,-0.0028797
-0.037481,1.0502,-0.7398,-0.30323,-0.03807,-0.0052144
-0.028565,1.0002,-0.74248,-0.24832,-0.029174,-0.0073992
-0.020561,0.94953,-0.73947,-0.1986,-0.021191,-0.0094439
-0.01338,0.89847,-0.73117,-0.15391,-0.014031,-0.011357
-0.0069456,0.84726,-0.718,-0.11406,-0.0076174,-0.013148
-0.0011908,0.79612,-0.70038,-0.078843,-0.0018833,-0.014823
0.0039446,0.74526,-0.67875,-0.04803,0.0032313,-0.01639
0.0085142,0.69488,-0.65355,-0.021365,0.0077801,-0.017853
0.012566,0.64517,-0.62524,0.0014238,0.011812,-0.019217
0.016145,0.59629,-0.59427,0.020627,0.01537,-0.020487
0.019291,0.54842,-0.56111,0.036548,0.018495,-0.021668
0.022041,0.50171,-0.52624,0.049499,0.021224,-0.022761
0.024429,0.4563,-0.4901,0.059801,0.023591,-0.023771
0.026488,0.41236,-0.45318,0.067776,0.025629,-0.024702
0.028248,0.37002,-0.41593,0.073742,0.027368,-0.025558
0.029736,0.32942,-0.37879,0.078011,0.028836,-0.026341
0.030981,0.29068,-0.34218,0.080883,0.030061,-0.027058
0.032009,0.25392,-0.3065,0.082638,0.031068,-0.027713
0.032844,0.21925,-0.27211,0.083534,0.031883,-0.028311
0.03351,0.18678,-0.23934,0.083803,0.032529,-0.028858
0.03403,0.15659,-0.20846,0.083648,0.033029,-0.02936
0.034426,0.12874,-0.17973,0.083241,0.033404,-0.029823
0.034718,0.10331,-0.15333,0.082726,0.033676,-0.030252
0.034923,0.080331,-0.12942,0.082219,0.033862,-0.030654
0.035061,0.059849,-0.10813,0.081808,0.033979,-0.031033
0.035145,0.04189,-0.089537,0.081562,0.034043,-0.031394
0.03519,0.026473,-0.073718,0.08153,0.034068,-0.031742
0.035207,0.01361,-0.060712,0.081747,0.034065,-0.032081
0.035206,0.0033105,-0.050547,0.082235,0.034044,-0.032413
0.035196,-0.0044212,-0.04324,0.083011,0.034014,-0.032742
0.035182,-0.0095823,-0.038801,0.084081,0.03398,-0.033069
0.035168,-0.012171,-0.037236,0.085453,0.033946,-0.033396
0.035156,-0.012188,-0.038545,0.087128,0.033914,-0.033723
0.035147,-0.0096317,-0.042729,0.089105,0.033885,-0.034051
0.035139,-0.0045035,-0.049786,0.091383,0.033857,-0.034378
0.035127,0.0031952,-0.059712,0.093957,0.033825,-0.034704
0.035107,0.013461,-0.072494,0.096817,0.033785,-0.035027
0.03507,0.026289,-0.088114,0.099947,0.033728,-0.035343
0.035007,0.04167,-0.10654,0.10332,0.033645,-0.03565
0.034905,0.059589,-0.12772,0.1069,0.033523,-0.035944
0.034753,0.080026,-0.15159,0.11063,0.033351,-0.036221
0.034534,0.10295,-0.17805,0.11444,0.033112,-0.036475
0.034232,0.12832,-0.20697,0.11824,0.032791,-0.036703
0.033829,0.1561,-0.23819,0.12189,0.032368,-0.036898
0.033305,0.18621,-0.27148,0.12526,0.031824,-0.037055
0.032638,0.21858,-0.30661,0.12815,0.031138,-0.037168
0.031808,0.25312,-0.34328,0.13036,0.030288,-0.037232
0.030791,0.28975,-0.38116,0.13165,0.029252,-0.037243
0.029563,0.32834,-0.41989,0.13175,0.028004,-0.037194
0.028098,0.36878,-0.45906,0.13039,0.026521,-0.037083
0.026372,0.41096,-0.49826,0.12725,0.024775,-0.036904
0.024355,0.45473,-0.53704,0.12204,0.02274,-0.036655
0.022021,0.49996,-0.57496,0.11442,0.020387,-0.036332
0.019337,0.54652,-0.61156,0.10408,0.017685,-0.035933
0.016272,0.59427,-0.64638,0.090694,0.014602,-0.035455
0.01279,0.64305,-0.67896,0.073957,0.011103,-0.034894
0.0088536,0.69271,-0.70885,0.053561,0.0071489,-0.034247
0.0044221,0.74308,-0.7356,0.029216,0.0027,-0.033511
-0.00054948,0.79399,-0.75875,0.00064635,-0.0022886,-0.032681
-0.0061097,0.84525,-0.77787,-0.032408,-0.0078658,-0.031751
-0.012312,0.89666,-0.7925,-0.070185,-0.014085,-0.030715
-0.019216,0.94798,-0.80223,-0.1129,-0.021005,-0.029565
-0.026886,0.99898,-0.80663,-0.16075,-0.028692,-0.028293
-0.035398,1.0494,-0.80527,-0.2139,-0.037219,-0.026888
-0.044835,1.0989,-0.79774,-0.2725,-0.046673,-0.025338
-0.055296,1.1473,-0.78366,-0.33664,-0.05715,-0.023633
-0.066899,1.1943,-0.76265,-0.40643,-0.068769,-0.021759
-0.079787,1.2395,-0.73438,-0.48191,-0.081673,-0.019702
-0.094136,1.2826,-0.69852,-0.56311,-0.096039,-0.01745
-0.11017,1.3234,-0.65486,-0.65002,-0.11209,-0.014994
-0.12818,1.3618,-0.60325,-0.74258,-0.13011,-0.012323
-0.14853,1.3974,-0.54371,-0.84063,-0.15048,-0.0094368
-0.17169,1.4304,-0.47646,-0.94394,-0.17366,-0.006339
-0.19824,1.4609,-0.40207,-1.0521,-0.20023,-0.0030458
-0.22884,1.4891,-0.32148,-1.1644,-0.23085,0.0004111
-0.26404,1.5158,-0.23607,-1.2801,-0.26607,0.0039809
-0.30393,1.5414,-0.14744,-1.3981,-0.30598,0.0075934
-0.34759,1.5665,-0.057046,-1.5175,-0.34966,0.011167
-0.39271,1.5914,0.034211,-1.6374,-0.3948,0.014626
-0.4363,1.616,0.12572,-1.7574,-0.43841,0.017914
-0.476,1.6407,0.21652,-1.8766,-0.47813,0.021
-0.51086,1.666,0.30498,-1.994,-0.513,0.023866
-0.54099,1.6927,0.38923,-2.1084,-0.54316,0.026501
-0.56704,1.7214,0.46762,-2.2187,-0.56922,0.028902
-0.58969,1.7527,0.53898,-2.3244,-0.59189,0.031071
-0.60956,1.7866,0.60262,-2.4248,-0.61178,0.033019
-0.62714,1.8234,0.65822,-2.5197,-0.62937,0.034758
-0.6428,1.8628,0.70572,-2.609,-0.64505,0.036305
-0.65683,1.9046,0.74526,-2.6925,-0.6591,0.037676
-0.66946,1.9487,0.77705,-2.7702,-0.67174,0.038889
-0.68084,1.9946,0.8014,-2.8423,-0.68314,0.039962
-0.69112,2.0421,0.81864,-2.9086,-0.69344,0.04091
-0.70041,2.0909,0.82916,-2.9694,-0.70275,0.041748
-0.7088,2.1407,0.83336,-3.0247,-0.71115,0.042489
-0.71636,2.1912,0.83162,-3.0746,-0.71874,0.043146
-0.72318,2.242,0.82439,-3.1193,-0.72558,0.043727
-0.72931,2.2931,0.81207,-3.1589,-0.73173,0.044242
-0.73481,2.344,0.7951,-3.1938,-0.73724,0.044698
-0.73973,2.3947,0.77392,-3.224,-0.74218,0.0451
-0.74411,2.4448,0.74896,-3.2499,-0.74658,0.045453
-0.74799,2.4944,0.72066,-3.2717,-0.75049,0.04576
-0.75143,2.543,0.68946,-3.2897,-0.75394,0.046024
-0.75445,2.5907,0.6558,-3.3041,-0.75698,0.046247
-0.75708,2.6372,0.62014,-3.3154,-0.75964,0.046432
-0.75937,2.6825,0.58291,-3.3237,-0.76195,0.046578
-0.76134,2.7264,0.54456,-3.3295,-0.76394,0.046689
-0.76302,2.7687,0.50553,-3.3329,-0.76564,0.046764
-0.76443,2.8094,0.46625,-3.3344,-0.76708,0.046805
-0.76561,2.8482,0.42714,-3.3342,-0.76828,0.046813
-0.76656,2.8852,0.38861,-3.3327,-0.76926,0.046791
-0.76733,2.9202,0.35102,-3.33,-0.77005,0.04674
-0.76793,2.953,0.31474,-3.3264,-0.77067,0.046662
-0.76838,2.9837,0.28007,-3.3223,-0.77115,0.04656
-0.76871,3.012,0.24729,-3.3177,-0.7715,0.046436
-0.76892,3.0381,0.21664,-3.3128,-0.77174,0.046294
-0.76905,3.0617,0.18832,-3.3079,-0.7719,0.046135
-0.76911,3.0828,0.16247,-3.3029,-0.77198,0.045963
-0.76911,3.1015,0.13923,-3.298,-0.77201,0.04578
-0.76907,3.1176,0.11869,-3.2933,-0.77199,0.045589
-0.76901,3.1312,0.10092,-3.2888,-0.77195,0.045391
-0.76892,3.1422,0.085961,-3.2846,-0.77188,0.045189
-0.76882,3.1507,0.073844,-3.2806,-0.77181,0.044984
-0.76871,3.1566,0.064588,-3.2769,-0.77173,0.044778
-0.76861,3.1599,0.058203,-3.2736,-0.77165,0.044572
-0.76851,3.1607,0.054695,-3.2705,-0.77158,0.044365
-0.76842,3.1589,0.054064,-3.2677,-0.77151,0.044159
-0.76833,3.1545,0.056308,-3.2653,-0.77144,0.043953
-0.76823,3.1475,0.061424,-3.2631,-0.77137,0.043746
-0.76814,3.138,0.069402,-3.2612,-0.7713,0.043538
-0.76803,3.1259,0.080227,-3.2596,-0.77122,0.043327
-0.7679,3.1113,0.093875,-3.2583,-0.77111,0.043111
-0.76773,3.0941,0.11031,-3.2572,-0.77097,0.04289
-0.76752,3.0744,0.12948,-3.2563,-0.77079,0.042659
-0.76725,3.0521,0.1513,-3.2555,-0.77054,0.042416
-0.76691,3.0274,0.17567,-3.2547,-0.77022,0.042159
-0.76646,3.0003,0.20245,-3.2539,-0.7698,0.041885
-0.76591,2.9707,0.23147,-3.253,-0.76927,0.041589
-0.76522,2.9389,0.26251,-3.2516,-0.76861,0.041268
-0.76437,2.9048,0.29531,-3.2498,-0.76779,0.040919
-0.76334,2.8686,0.32956,-3.2472,-0.76678,0.040538
-0.7621,2.8303,0.36494,-3.2437,-0.76557,0.040122
-0.76063,2.7901,0.40106,-3.2388,-0.76413,0.039667
-0.7589,2.7481,0.4375,-3.2325,-0.76242,0.039171
-0.75689,2.7044,0.47384,-3.2243,-0.76043,0.03863
-0.75455,2.6592,0.50962,-3.2139,-0.75812,0.038042
-0.75186,2.6126,0.54437,-3.2011,-0.75546,0.037403
-0.7488,2.5648,0.57762,-3.1854,-0.75242,0.036711
-0.74531,2.5159,0.6089,-3.1666,-0.74895,0.035963
-0.74135,2.4661,0.63773,-3.1443,-0.74503,0.035155
-0.7369,2.4156,0.66363,-3.1183,-0.7406,0.034284
-0.7319,2.3645,0.68616,-3.0882,-0.73563,0.033344
-0.72629,2.313,0.70485,-3.0539,-0.73005,0.03233
-0.72002,2.2614,0.71924,-3.015,-0.72381,0.031236
-0.71303,2.2098,0.72891,-2.9713,-0.71684,0.030053
-0.70524,2.1586,0.73343,-2.9226,-0.70907,0.028773
-0.69655,2.1079,0.73237,-2.8688,-0.70042,0.027385
-0.68689,2.0581,0.72535,-2.8097,-0.69078,0.025876
-0.67612,2.0093,0.71199,-2.7452,-0.68004,0.024233
-0.6641,1.9619,0.69196,-2.6752,-0.66804,0.02244
-0.65065,1.9161,0.66495,-2.5997,-0.65463,0.02048
-0.63556,1.8722,0.63074,-2.5186,-0.63956,0.018336
-0.61853,1.8304,0.58918,-2.4321,-0.62256,0.015986
-0.59919,1.7908,0.54026,-2.3403,-0.60325,0.013413
-0.57708,1.7534,0.48417,-2.2433,-0.58116,0.010597
-0.55158,1.7183,0.42135,-2.1416,-0.55569,0.0075189
-0.52195,1.6851,0.3526,-2.0357,-0.52609,0.004165
-0.4874,1.6533,0.2791,-1.9263,-0.49157,0.00052608
-0.44736,1.6225,0.20232,-1.8144,-0.45156,-0.003396
-0.40198,1.5921,0.12368,-1.701,-0.40622,-0.0075815
-0.35288,1.5619,0.044016,-1.5867,-0.35716,-0.011984
-0.30321,1.5321,-0.036601,-1.4717,-0.30752,-0.016525
-0.25646,1.5028,-0.11825,-1.3564,-0.26082,-0.021109
-0.21492,1.4742,-0.20028,-1.2413,-0.21933,-0.025641
-0.17921,1.4454,-0.28111,-1.1275,-0.18367,-0.030044
-0.14882,1.4159,-0.3588,-1.0161,-0.15334,-0.03426
-0.1229,1.3847,-0.43161,-0.9083,-0.12747,-0.038251
-0.10059,1.3516,-0.49825,-0.80482,-0.10522,-0.041999
-0.081185,1.3161,-0.5579,-0.70624,-0.085862,-0.045494
-0.064139,1.2782,-0.61015,-0.6129,-0.068868,-0.048739
-0.049043,1.238,-0.65485,-0.525,-0.053825,-0.051742
-0.035587,1.1956,-0.69205,-0.44264,-0.040421,-0.054514
-0.023537,1.1512,-0.72193,-0.36585,-0.028422,-0.057072
-0.012711,1.1052,-0.74476,-0.29462,-0.017645,-0.059429
-0.002964,1.0577,-0.76085,-0.22888,-0.007948,-0.061603
0.0058183,1.0092,-0.77056,-0.16855,0.00078604,-0.063607
0.013732,0.95973,-0.77429,-0.11353,0.0086525,-0.065457
0.020858,0.90974,-0.77242,-0.063662,0.015733,-0.067165
0.027267,0.85944,-0.76538,-0.018785,0.022096,-0.068745
0.033019,0.80907,-0.7536,0.021295,0.027804,-0.070205
0.038171,0.75886,-0.7375,0.056792,0.032912,-0.071555
0.04277,0.70902,-0.71753,0.087944,0.03747,-0.072803
0.046863,0.65975,-0.69412,0.115,0.041522,-0.073956
0.050491,0.61122,-0.66774,0.13824,0.04511,-0.07502
0.053692,0.56361,-0.63881,0.15795,0.048273,-0.075999
0.056502,0.51707,-0.6078,0.17441,0.051044,-0.076899
0.058953,0.47175,-0.57515,0.18794,0.053458,-0.077722
0.061076,0.4278,-0.5413,0.19883,0.055546,-0.078474
0.0629,0.38534,-0.50669,0.20739,0.057335,-0.079157
0.064453,0.34452,-0.47176,0.21393,0.058853,-0.079775
0.065761,0.30545,-0.43691,0.21874,0.060127,-0.080332
0.066848,0.26825,-0.40254,0.22211,0.061182,-0.080832
0.067739,0.23303,-0.36903,0.22429,0.06204,-0.081279
0.068457,0.19989,-0.33672,0.22554,0.062726,-0.081679
0.069022,0.16893,-0.30591,0.22608,0.06326,-0.082036
0.069457,0.14022,-0.27689,0.22612,0.063664,-0.082354
0.069781,0.11383,-0.24989,0.22582,0.063957,-0.082639
0.070012,0.089828,-0.22512,0.22534,0.064158,-0.082896
0.070168,0.068257,-0.20274,0.22479,0.064284,-0.083129
0.070264,0.049159,-0.18289,0.22427,0.06435,-0.083344
0.070314,0.032563,-0.16567,0.22387,0.064372,-0.083543
0.070332,0.018494,-0.15116,0.22364,0.06436,-0.083732
0.070327,0.0069666,-0.13942,0.22364,0.064326,-0.083912
0.070309,-0.0020056,-0.1305,0.22389,0.064278,-0.084088
0.070284,-0.008415,-0.12441,0.22441,0.064224,-0.08426
0.070257,-0.012256,-0.12119,0.22522,0.064168,-0.084431
0.070232,-0.013527,-0.12084,0.22634,0.064113,-0.084601
0.070209,-0.012225,-0.12336,0.22775,0.064061,-0.084771
0.070188,-0.008353,-0.12876,0.22947,0.064011,-0.084941
0.070166,-0.0019126,-0.13701,0.23148,0.063959,-0.085109
0.070138,0.0070906,-0.14811,0.23376,0.063902,-0.085274
0.070097,0.018648,-0.16202,0.2363,0.063831,-0.085434
0.070034,0.032748,-0.1787,0.23905,0.06374,-0.085586
0.06994,0.049371,-0.19809,0.24198,0.063616,-0.085727
0.069802,0.068495,-0.2201,0.24501,0.063449,-0.085854
0.069605,0.090087,-0.24462,0.24808,0.063224,-0.085962
0.069335,0.11411,-0.27152,0.25106,0.062925,-0.086047
0.068974,0.14051,-0.30062,0.25385,0.062537,-0.086105
0.068505,0.16922,-0.33172,0.25627,0.06204,-0.086131
0.067908,0.20018,-0.36456,0.25816,0.061415,-0.08612
0.067161,0.23331,-0.39887,0.25932,0.060642,-0.086067
0.066245,0.26851,-0.43434,0.2595,0.0597,-0.085969
0.065136,0.30569,-0.47061,0.25847,0.058565,-0.085821
0.06381,0.34473,-0.50732,0.25594,0.057216,-0.085619
0.062244,0.38553,-0.54407,0.25165,0.055626,-0.08536
0.060413,0.42797,-0.58044,0.24528,0.053772,-0.08504
0.058288,0.47192,-0.61601,0.23654,0.051626,-0.084657
0.055842,0.51724,-0.65036,0.22511,0.049159,-0.084207
0.053045,0.56382,-0.68303,0.2107,0.046343,-0.083687
0.049865,0.6115,-0.71359,0.193,0.043146,-0.083094
0.046268,0.66014,-0.74159,0.1717,0.039532,-0.082425
0.042217,0.70957,-0.7666,0.14653,0.035465,-0.081674
0.037672,0.75963,-0.78816,0.11721,0.030907,-0.080836
0.032592,0.81011,-0.80583,0.083479,0.025814,-0.079906
0.026929,0.86083,-0.81918,0.045091,0.020141,-0.078876
0.020633,0.91155,-0.82775,0.001824,0.013837,-0.077736
0.01365,0.96202,-0.83112,-0.046522,0.0068468,-0.076477
0.0059185,1.012,-0.82886,-0.10013,-0.00089033,-0.075087
-0.0026312,1.0612,-0.82053,-0.15914,-0.0094436,-0.073552
-0.012078,1.1093,-0.80573,-0.2237,-0.018892,-0.071857
-0.022517,1.156,-0.78405,-0.2939,-0.029331,-0.069986
-0.034059,1.2009,-0.75511,-0.36982,-0.040871,-0.067921
-0.046847,1.2439,-0.71858,-0.45151,-0.053655,-0.065643
-0.061057,1.2845,-0.67415,-0.539,-0.06786,-0.063135
-0.076921,1.3226,-0.62163,-0.63226,-0.083717,-0.060379
-0.094742,1.3579,-0.56094,-0.7312,-0.10153,-0.05736
-0.11492,1.3905,-0.49221,-0.83563,-0.1217,-0.054066
-0.13797,1.4203,-0.41588,-0.9452,-0.14474,-0.050491
-0.16457,1.4478,-0.33285,-1.0593,-0.17132,-0.046641
-0.19546,1.4735,-0.24455,-1.1771,-0.20219,-0.04253
-0.23128,1.4981,-0.1529,-1.2975,-0.238,-0.038195
-0.27213,1.5226,-0.060023,-1.419,-0.27884,-0.033692
-0.31684,1.5476,0.03239,-1.5406,-0.32354,-0.029104
-0.36282,1.5733,0.12342,-1.6615,-0.36951,-0.024537
-0.40695,1.5997,0.21255,-1.7812,-0.41363,-0.020103
-0.44699,1.627,0.29892,-1.8989,-0.45369,-0.015896
-0.48216,1.6556,0.38118,-2.0137,-0.48888,-0.011969
-0.51266,1.6863,0.45787,-2.1248,-0.51939,-0.008347
-0.53908,1.7193,0.52779,-2.2313,-0.54584,-0.0050296
-0.56211,1.755,0.59016,-2.3327,-0.56889,-0.0020053
-0.58231,1.7934,0.64454,-2.4286,-0.58912,0.0007443
-0.60017,1.8345,0.69078,-2.5188,-0.607,0.0032406
-0.61604,1.8781,0.72895,-2.6032,-0.6229,0.005506
-0.63021,1.9239,0.7592,-2.6818,-0.6371,0.0075622
-0.64291,1.9717,0.78182,-2.7545,-0.64983,0.0094304
-0.6543,2.0212,0.79711,-2.8214,-0.66125,0.01113
-0.66454,2.072,0.80543,-2.8825,-0.67152,0.012679
-0.67374,2.1239,0.80718,-2.938,-0.68075,0.014093
-0.682,2.1765,0.80274,-2.9878,-0.68904,0.015387
-0.6894,2.2296,0.79255,-3.0323,-0.69647,0.016572
-0.69604,2.2829,0.77703,-3.0716,-0.70314,0.01766
-0.70196,2.3363,0.75661,-3.1059,-0.70909,0.018658
-0.70724,2.3894,0.73175,-3.1353,-0.7144,0.019575
-0.71192,2.4421,0.70289,-3.1603,-0.71911,0.020417
-0.71607,2.4941,0.67051,-3.1811,-0.72329,0.021187
-0.71971,2.5454,0.63507,-3.1979,-0.72696,0.021892
-0.7229,2.5958,0.59704,-3.2111,-0.73018,0.022532
-0.72567,2.6451,0.55692,-3.221,-0.73298,0.023112
-0.72806,2.6931,0.51519,-3.228,-0.7354,0.023634
-0.7301,2.7397,0.47236,-3.2324,-0.73748,0.0241
-0.73183,2.7847,0.4289,-3.2346,-0.73923,0.024513
-0.73326,2.8281,0.38531,-3.2348,-0.74069,0.024874
-0.73444,2.8696,0.34206,-3.2336,-0.7419,0.025188
-0.73538,2.9092,0.2996,-3.231,-0.74287,0.025457
-0.73611,2.9467,0.25834,-3.2276,-0.74363,0.025684
-0.73666,2.9821,0.21866,-3.2235,-0.74421,0.025874
-0.73705,3.0151,0.18087,-3.2189,-0.74464,0.02603
-0.73731,3.0458,0.14526,-3.2141,-0.74492,0.026158
-0.73746,3.074,0.11206,-3.2093,-0.7451,0.026261
-0.73751,3.0998,0.081417,-3.2045,-0.74519,0.026343
-0.7375,3.123,0.053477,-3.1998,-0.7452,0.02641
-0.73743,3.1437,0.028321,-3.1954,-0.74516,0.026464
-0.73732,3.1618,0.0060028,-3.1912,-0.74508,0.026509
-0.73718,3.1774,-0.01345,-3.1874,-0.74498,0.026548
-0.73704,3.1904,-0.030027,-3.1838,-0.74486,0.026584
-0.73689,3.2008,-0.043733,-3.1805,-0.74474,0.026619
-0.73675,3.2086,-0.054575,-3.1775,-0.74463,0.026656
-0.73662,3.2139,-0.062567,-3.1749,-0.74453,0.026694
-0.7365,3.2167,-0.067719,-3.1725,-0.74444,0.026737
-0.73641,3.2168,-0.070038,-3.1703,-0.74438,0.026783
-0.73633,3.2145,-0.069525,-3.1685,-0.74433,0.026833
-0.73627,3.2095,-0.066179,-3.1669,-0.7443,0.026886
-0.73622,3.202,-0.059989,-3.1657,-0.74429,0.026943
-0.73618,3.1919,-0.050943,-3.1647,-0.74428,0.027001
-0.73615,3.1793,-0.039028,-3.164,-0.74427,0.02706
-0.7361,3.1641,-0.024233,-3.1637,-0.74425,0.027116
-0.73603,3.1463,-0.0065503,-3.1636,-0.74421,0.027168
-0.73593,3.126,0.014012,-3.1639,-0.74414,0.027213
-0.73578,3.1031,0.03743,-3.1644,-0.74402,0.027246
-0.73556,3.0776,0.063653,-3.1651,-0.74383,0.027265
-0.73526,3.0496,0.092598,-3.166,-0.74356,0.027266
-0.73485,3.0191,0.12414,-3.167,-0.74318,0.027243
-0.73431,2.9862,0.15812,-3.1679,-0.74267,0.027192
-0.73361,2.9509,0.19429,-3.1686,-0.742,0.027108
-0.73273,2.9133,0.2324,-3.1689,-0.74115,0.026988
-0.73165,2.8735,0.27209,-3.1686,-0.7401,0.026824
-0.73033,2.8317,0.31298,-3.1673,-0.73881,0.026615
-0.72874,2.7879,0.35465,-3.1648,-0.73725,0.026354
-0.72686,2.7423,0.39661,-3.1607,-0.7354,0.026038
-0.72464,2.6951,0.43837,-3.1547,-0.73321,0.025665
-0.72207,2.6464,0.4794,-3.1463,-0.73067,0.025229
-0.7191,2.5965,0.51919,-3.1354,-0.72773,0.02473
-0.71569,2.5453,0.5572,-3.1214,-0.72435,0.024162
-0.7118,2.4932,0.5929,-3.104,-0.72049,0.023524
-0.70739,2.4403,0.6258,-3.083,-0.71611,0.022811
-0.7024,2.3867,0.65537,-3.0578,-0.71115,0.02202
-0.69678,2.3327,0.68114,-3.0284,-0.70556,0.021146
-0.69047,2.2785,0.70262,-2.9943,-0.69927,0.020182
-0.68339,2.2243,0.71936,-2.9553,-0.69222,0.019122
-0.67546,2.1703,0.7309,-2.9113,-0.68433,0.017956
-0.6666,2.1168,0.7368,-2.8619,-0.6755,0.016676
-0.6567,2.064,0.73667,-2.8071,-0.66562,0.015269
-0.64562,2.0122,0.7301,-2.7467,-0.65458,0.013721
-0.63322,1.9617,0.71673,-2.6806,-0.64221,0.012017
-0.61932,1.9128,0.69624,-2.6088,-0.62833,0.01014
-0.60368,1.8657,0.66836,-2.5313,-0.61272,0.0080703
-0.58602,1.8207,0.6329,-2.448,-0.59509,0.005788
-0.56596,1.7779,0.58976,-2.3592,-0.57507,0.0032718
-0.54305,1.7375,0.539,-2.2649,-0.55219,0.00050018
-0.5167,1.6996,0.48093,-2.1654,-0.52588,-0.0025471
-0.48623,1.6638,0.41609,-2.0613,-0.49544,-0.0058865
-0.45092,1.6301,0.34538,-1.9531,-0.46018,-0.0095266
-0.41033,1.5979,0.26993,-1.8415,-0.41962,-0.01346
-0.36475,1.5669,0.19086,-1.7274,-0.3741,-0.017655
-0.31594,1.5369,0.10881,-1.6113,-0.32535,-0.022041
-0.26709,1.5083,0.023808,-1.4934,-0.27656,-0.026519
-0.22162,1.4811,-0.064065,-1.3742,-0.23116,-0.030982
-0.18165,1.455,-0.15381,-1.2543,-0.19126,-0.035337
-0.14759,1.4294,-0.24337,-1.1352,-0.15727,-0.039512
-0.11879,1.4032,-0.3303,-1.0182,-0.12854,-0.043458
-0.094284,1.3754,-0.41243,-0.90472,-0.1041,-0.047141
-0.07318,1.3454,-0.48818,-0.79565,-0.083063,-0.050546
-0.054776,1.3128,-0.55657,-0.69164,-0.064724,-0.053668
-0.038546,1.2776,-0.61708,-0.59307,-0.048557,-0.056513
-0.024101,1.2397,-0.66957,-0.50013,-0.034174,-0.059093
-0.011157,1.1993,-0.71408,-0.41291,-0.02129,-0.061423
0.00050066,1.1567,-0.75083,-0.33144,-0.0096914,-0.063522
0.011033,1.1121,-0.78011,-0.25568,0.00078316,-0.065408
0.020565,1.0659,-0.80226,-0.18557,0.01026,-0.067101
0.029199,1.0183,-0.81767,-0.12104,0.018839,-0.068618
0.037017,0.96971,-0.82674,-0.061966,0.026605,-0.069976
0.044089,0.92036,-0.82989,-0.0082148,0.033625,-0.071191
0.050475,0.87057,-0.82755,0.040372,0.039962,-0.072276
0.05623,0.82058,-0.82016,0.083977,0.045668,-0.073245
0.061403,0.77066,-0.80815,0.1228,0.050794,-0.074106
0.066037,0.72101,-0.79197,0.15708,0.055383,-0.074871
0.070175,0.67186,-0.77206,0.18704,0.059477,-0.075546
0.073854,0.62338,-0.74887,0.21295,0.063114,-0.076138
0.077112,0.57576,-0.72282,0.23509,0.066329,-0.076653
0.07998,0.52915,-0.69436,0.25373,0.069158,-0.077096
0.082492,0.48369,-0.66393,0.26916,0.07163,-0.07747
0.084676,0.43954,-0.63196,0.28169,0.073776,-0.07778
0.08656,0.39682,-0.59887,0.29161,0.075624,-0.078029
0.088172,0.35566,-0.56508,0.29921,0.0772,-0.07822
0.089537,0.31617,-0.53101,0.30479,0.078529,-0.078356
0.090678,0.27846,-0.49703,0.30864,0.079636,-0.078441
0.09162,0.24265,-0.46354,0.31102,0.080544,-0.078478
0.092383,0.20884,-0.43088,0.3122,0.081274,-0.078471
0.09299,0.17711,-0.39938,0.31241,0.081848,-0.078423
0.093461,0.14755,-0.36935,0.31188,0.082287,-0.078339
0.093815,0.12024,-0.34105,0.3108,0.082609,-0.078224
0.09407,0.095252,-0.31472,0.30934,0.082833,-0.07808
0.094245,0.072634,-0.29057,0.30766,0.082977,-0.077912
0.094355,0.052438,-0.26875,0.30588,0.083056,-0.077725
0.094414,0.034705,-0.24943,0.30411,0.083084,-0.077522
0.094435,0.019465,-0.23271,0.30243,0.083075,-0.077307
0.09443,0.0067453,-0.21867,0.30091,0.08304,-0.077083
0.094409,-0.0034365,-0.20739,0.29961,0.082988,-0.076853
0.094379,-0.011066,-0.19892,0.29855,0.082927,-0.076618
0.094346,-0.016135,-0.19328,0.29777,0.082864,-0.076382
0.094315,-0.018636,-0.19051,0.29728,0.082802,-0.076144
0.094287,-0.018567,-0.19061,0.2971,0.082744,-0.075905
0.094262,-0.015927,-0.19359,0.29722,0.082688,-0.075666
0.094238,-0.01072,-0.19943,0.29763,0.082634,-0.075426
0.094212,-0.0029505,-0.2081,0.29832,0.082578,-0.075183
0.094178,0.0073716,-0.21959,0.29926,0.082513,-0.074937
0.094128,0.020233,-0.23384,0.30042,0.082432,-0.074685
0.094052,0.035616,-0.25079,0.30174,0.082327,-0.074424
0.09394,0.053495,-0.27034,0.30316,0.082184,-0.07415
0.093778,0.07384,-0.29239,0.3046,0.081993,-0.073862
0.093552,0.096611,-0.3168,0.30595,0.081737,-0.073553
0.093246,0.12176,-0.3434,0.30708,0.081401,-0.073222
0.092843,0.14923,-0.37198,0.30786,0.080969,-0.072862
0.092324,0.17896,-0.40232,0.3081,0.080421,-0.072471
0.09167,0.21086,-0.43415,0.30761,0.079739,-0.072043
0.090861,0.24486,-0.46716,0.30617,0.078901,-0.071575
0.089874,0.28086,-0.50103,0.30354,0.077886,-0.071062
0.088687,0.31876,-0.5354,0.29947,0.076673,-0.070502
0.087278,0.35846,-0.5699,0.29367,0.075238,-0.06989
0.085622,0.39984,-0.60413,0.28586,0.073556,-0.069223
0.083694,0.44279,-0.63769,0.27576,0.071603,-0.068498
0.081467,0.48717,-0.67014,0.26305,0.069351,-0.067712
0.078912,0.53287,-0.70108,0.24744,0.066773,-0.066861
0.076,0.57974,-0.73005,0.22863,0.063839,-0.065942
0.072699,0.62764,-0.75663,0.20632,0.060516,-0.06495
0.068976,0.6764,-0.78036,0.18023,0.056772,-0.063882
0.064794,0.72587,-0.80082,0.15008,0.052571,-0.062731
0.060115,0.77583,-0.81755,0.1156,0.047873,-0.061492
0.054898,0.82611,-0.8301,0.076552,0.042638,-0.060156
0.049098,0.87646,-0.83804,0.032699,0.03682,-0.058716
0.042666,0.92665,-0.84091,-0.016169,0.030373,-0.05716
0.03555,0.97641,-0.83828,-0.070238,0.023241,-0.055477
0.027689,1.0255,-0.8297,-0.12968,0.015367,-0.053654
0.019017,1.0735,-0.81475,-0.19462,0.0066809,-0.051674
0.0094539,1.1202,-0.793,-0.26519,-0.0028952,-0.049524
-0.0010962,1.1652,-0.76407,-0.34149,-0.013457,-0.047183
-0.012751,1.2083,-0.72757,-0.42357,-0.025124,-0.044636
-0.025661,1.2491,-0.68318,-0.51149,-0.038045,-0.041864
-0.040022,1.2874,-0.63065,-0.60523,-0.052416,-0.038849
-0.056093,1.3229,-0.56986,-0.70474,-0.068498,-0.035578
-0.074224,1.3556,-0.50087,-0.80988,-0.08664,-0.032041
-0.094887,1.3855,-0.42406,-0.92032,-0.10731,-0.028233
-0.11871,1.4129,-0.34023,-1.0355,-0.13115,-0.024162
-0.14649,1.4384,-0.2508,-1.1547,-0.15894,-0.019852
-0.17911,1.4629,-0.15781,-1.2765,-0.19157,-0.015344
-0.21723,1.4873,-0.063722,-1.3995,-0.22971,-0.010701
-0.26064,1.5126,0.029147,-1.5223,-0.27314,-0.0060089
-0.30756,1.5394,0.11937,-1.6438,-0.32007,-0.0013633
-0.35481,1.5675,0.20648,-1.7636,-0.36735,0.0031393
-0.39926,1.5969,0.29022,-1.8811,-0.41183,0.0074212
-0.43905,1.6277,0.36986,-1.9959,-0.45165,0.011434
-0.47378,1.6603,0.44425,-2.1071,-0.48641,0.015155
-0.50381,1.6952,0.51225,-2.2139,-0.51648,0.018582
-0.52983,1.7326,0.57298,-2.3158,-0.54253,0.021727
-0.5525,1.7727,0.62589,-2.4123,-0.56523,0.024605
-0.57237,1.8153,0.67075,-2.5031,-0.58513,0.027236
-0.58989,1.8605,0.70752,-2.5881,-0.60269,0.029641
-0.60543,1.9079,0.73632,-2.6672,-0.61826,0.031843
-0.61926,1.9573,0.75736,-2.7404,-0.63212,0.033861
-0.63159,2.0084,0.77095,-2.8076,-0.64448,0.035716
-0.64261,2.061,0.77741,-2.8689,-0.65553,0.037423
-0.65246,2.1146,0.77712,-2.9245,-0.66542,0.039
-0.66127,2.169,0.77048,-2.9743,-0.67426,0.040461
-0.66913,2.224,0.7579,-3.0186,-0.68216,0.041817
-0.67615,2.2792,0.73983,-3.0576,-0.6892,0.043078
-0.68239,2.3345,0.7167,-3.0915,-0.69547,0.044253
-0.68792,2.3896,0.68899,-3.1205,-0.70104,0.045349
-0.69282,2.4444,0.65715,-3.1449,-0.70597,0.046371
-0.69713,2.4985,0.6217,-3.165,-0.71032,0.047324
-0.70091,2.5519,0.58311,-3.1811,-0.71413,0.04821
-0.7042,2.6044,0.54192,-3.1936,-0.71745,0.049033
-0.70704,2.6558,0.49865,-3.2028,-0.72033,0.049796
-0.70948,2.706,0.45383,-3.2092,-0.7228,0.050499
-0.71154,2.7547,0.40802,-3.213,-0.72489,0.051145
-0.71326,2.8019,0.36176,-3.2147,-0.72665,0.051737
-0.71467,2.8473,0.31559,-3.2147,-0.7281,0.052278
-0.71581,2.8908,0.27001,-3.2133,-0.72927,0.052769
-0.7167,2.9323,0.22551,-3.2109,-0.7302,0.053215
-0.71738,2.9716,0.18252,-3.2078,-0.7309,0.05362
-0.71786,3.0086,0.14142,-3.2042,-0.73142,0.053987
-0.71818,3.0432,0.10252,-3.2004,-0.73178,0.054323
-0.71836,3.0755,0.066073,-3.1965,-0.73199,0.054631
-0.71843,3.1052,0.032273,-3.1928,-0.7321,0.054915
-0.71841,3.1323,0.0012525,-3.1892,-0.73211,0.055182
-0.71831,3.1569,-0.026906,-3.186,-0.73205,0.055434
-0.71817,3.1789,-0.052159,-3.183,-0.73194,0.055675
-0.71799,3.1983,-0.074495,-3.1804,-0.73179,0.05591
-0.71779,3.2152,-0.093924,-3.178,-0.73163,0.056141
-0.71758,3.2294,-0.11047,-3.176,-0.73146,0.05637
-0.71738,3.2412,-0.12417,-3.1743,-0.73129,0.056601
-0.71719,3.2503,-0.13506,-3.1729,-0.73114,0.056835
-0.71702,3.257,-0.14316,-3.1717,-0.73101,0.057073
-0.71688,3.2611,-0.14851,-3.1707,-0.7309,0.057316
-0.71677,3.2627,-0.15112,-3.17,-0.73083,0.057564
-0.71669,3.2617,-0.151,-3.1695,-0.73078,0.057819
-0.71664,3.2583,-0.14815,-3.1692,-0.73076,0.05808
-0.71661,3.2523,-0.14256,-3.1691,-0.73077,0.058346
-0.71661,3.2438,-0.1342,-3.1693,-0.7308,0.058617
-0.71662,3.2327,-0.12304,-3.1698,-0.73085,0.058892
-0.71665,3.2191,-0.10906,-3.1705,-0.73091,0.059168
-0.71667,3.2029,-0.092201,-3.1715,-0.73097,0.059444
-0.71668,3.1842,-0.072444,-3.1729,-0.73101,0.059717
-0.71666,3.1629,-0.049761,-3.1745,-0.73103,0.059985
-0.71659,3.139,-0.024144,-3.1766,-0.731,0.060245
-0.71647,3.1124,0.0043906,-3.1789,-0.73091,0.060492
-0.71626,3.0834,0.035792,-3.1815,-0.73074,0.060724
-0.71594,3.0518,0.069967,-3.1843,-0.73046,0.060935
-0.7155,3.0176,0.10677,-3.1872,-0.73005,0.061121
-0.7149,2.9811,0.14599,-3.19,-0.72949,0.061278
-0.71412,2.9422,0.18737,-3.1925,-0.72875,0.0614
-0.71313,2.901,0.23056,-3.1946,-0.72779,0.061485
-0.7119,2.8577,0.27516,-3.1958,-0.72659,0.061527
-0.71039,2.8124,0.32071,-3.196,-0.72512,0.061523
-0.70858,2.7653,0.36671,-3.1947,-0.72335,0.06147
-0.70643,2.7165,0.41263,-3.1915,-0.72124,0.061366
-0.70391,2.6662,0.45789,-3.1861,-0.71876,0.061207
-0.70098,2.6145,0.50194,-3.178,-0.71587,0.060993
-0.6976,2.5617,0.54421,-3.1669,-0.71252,0.060722
-0.69373,2.5079,0.58415,-3.1523,-0.70869,0.060393
-0.68932,2.4533,0.6212,-3.134,-0.70432,0.060003
-0.68432,2.398,0.65484,-3.1115,-0.69936,0.059551
-0.67866,2.3423,0.68457,-3.0845,-0.69375,0.059035
-0.67229,2.2864,0.70988,-3.0528,-0.68742,0.05845
-0.66514,2.2304,0.73031,-3.0161,-0.68031,0.057792
-0.65711,2.1747,0.74538,-2.9741,-0.67232,0.057054
-0.64812,2.1194,0.75465,-2.9266,-0.66338,0.05623
-0.63806,2.0648,0.7577,-2.8735,-0.65335,0.055309
-0.62679,2.0113,0.75411,-2.8146,-0.64213,0.054282
-0.61417,1.959,0.74351,-2.7498,-0.62955,0.053134
-0.6,1.9084,0.72556,-2.6791,-0.61543,0.051852
-0.58406,1.8596,0.69996,-2.6025,-0.59953,0.050421
-0.56607,1.8129,0.66647,-2.5199,-0.58159,0.048822
-0.54566,1.7687,0.62496,-2.4314,-0.56122,0.04704
-0.52238,1.7269,0.57543,-2.3373,-0.53799,0.045056
-0.49567,1.6878,0.51807,-2.2377,-0.51132,0.042854
-0.46488,1.6512,0.45334,-2.133,-0.48057,0.040419
-0.42934,1.6169,0.38198,-2.0238,-0.44508,0.037739
-0.38869,1.5845,0.30498,-1.9108,-0.40447,0.034806
-0.3433,1.5539,0.22333,-1.7947,-0.35913,0.031616
-0.29501,1.5248,0.1376,-1.6759,-0.31088,0.028176
-0.24702,1.4974,0.047889,-1.5548,-0.26292,0.024516
-0.20267,1.4719,-0.045548,-1.4318,-0.21861,0.020703
-0.16394,1.4479,-0.14139,-1.3079,-0.17992,0.01683
-0.13106,1.4243,-0.23722,-1.1846,-0.14709,0.013001
-0.10331,1.4001,-0.33027,-1.0635,-0.11937,0.0093026
-0.079666,1.374,-0.41814,-0.94611,-0.095769,0.0058002
-0.059256,1.3455,-0.49913,-0.83334,-0.0754,0.0025326
-0.04139,1.3142,-0.57223,-0.72588,-0.057577,-0.00048141
-0.025569,1.2799,-0.63697,-0.62409,-0.041798,-0.0032375
-0.011428,1.2427,-0.69321,-0.52814,-0.0277,-0.0057414
0.0012965,1.2029,-0.74108,-0.4381,-0.015019,-0.0080048
0.012801,1.1605,-0.78081,-0.35398,-0.0035579,-0.010043
0.023232,1.116,-0.81273,-0.27573,0.0068298,-0.011873
0.032704,1.0698,-0.83723,-0.20328,0.016258,-0.013512
0.041308,1.022,-0.85472,-0.13656,0.024819,-0.014977
0.049118,0.97314,-0.86561,-0.075436,0.032585,-0.016286
0.056198,0.92343,-0.87034,-0.019788,0.039622,-0.017453
0.062603,0.8732,-0.86937,0.030545,0.045983,-0.018492
0.068384,0.82273,-0.86313,0.075743,0.051721,-0.019415
0.073585,0.77228,-0.85209,0.11601,0.056879,-0.020234
0.07825,0.72207,-0.83668,0.15156,0.061501,-0.020957
0.082417,0.67233,-0.81735,0.18265,0.065626,-0.021593
0.086125,0.62325,-0.79455,0.20953,0.069291,-0.022148
0.089408,0.575,-0.76873,0.23247,0.072532,-0.022627
0.0923,0.52775,-0.74033,0.25177,0.075382,-0.023036
0.094832,0.48165,-0.70978,0.2677,0.077872,-0.023379
0.097033,0.43682,-0.67751,0.28057,0.080032,-0.023659
0.098931,0.39341,-0.64395,0.29067,0.081889,-0.023878
0.10055,0.35154,-0.60952,0.29832,0.08347,-0.024042
0.10193,0.31131,-0.57463,0.30379,0.084801,-0.024151
0.10307,0.27284,-0.53967,0.3074,0.085906,-0.02421
0.10401,0.23624,-0.50503,0.3094,0.086808,-0.024222
0.10477,0.2016,-0.47107,0.31008,0.087528,-0.024189
0.10538,0.16902,-0.43814,0.30968,0.088089,-0.024117
0.10584,0.13859,-0.40653,0.30843,0.088512,-0.024007
0.10618,0.11038,-0.37655,0.30654,0.088815,-0.023865
0.10642,0.084461,-0.34844,0.3042,0.089017,-0.023695
0.10658,0.060897,-0.32242,0.30158,0.089137,-0.0235
0.10668,0.03974,-0.29868,0.29881,0.08919,-0.023285
0.10672,0.021033,-0.27739,0.29602,0.089192,-0.023054
0.10672,0.0048123,-0.25866,0.29329,0.089156,-0.02281
0.1067,-0.008895,-0.2426,0.29071,0.089095,-0.022557
0.10667,-0.020067,-0.22928,0.28834,0.089018,-0.022298
0.10662,-0.028688,-0.21878,0.28622,0.088935,-0.022035
0.10658,-0.034746,-0.21112,0.28438,0.088852,-0.021771
0.10654,-0.038234,-0.20634,0.28285,0.088773,-0.021506
0.10651,-0.039148,-0.20445,0.28163,0.088703,-0.021241
0.10649,-0.037487,-0.20545,0.28074,0.088641,-0.020977
0.10647,-0.033252,-0.20935,0.28016,0.088586,-0.020714
0.10646,-0.026447,-0.21612,0.27989,0.088535,-0.02045
0.10645,-0.017081,-0.22573,0.2799,0.088484,-0.020184
0.10643,-0.0051633,-0.23815,0.28016,0.088425,-0.019914
0.10639,0.0092888,-0.25331,0.28062,0.088349,-0.019638
0.10633,0.026254,-0.27114,0.28122,0.088246,-0.019352
0.10623,0.045705,-0.29153,0.28189,0.088103,-0.019053
0.10607,0.067607,-0.31437,0.28253,0.087906,-0.018737
0.10585,0.091915,-0.33948,0.28302,0.087641,-0.0184
0.10553,0.11858,-0.36669,0.28323,0.087289,-0.018038
0.10512,0.14754,-0.39578,0.283,0.086833,-0.017646
0.10458,0.17871,-0.42649,0.28213,0.086254,-0.017219
0.1039,0.21204,-0.45854,0.28041,0.085532,-0.016754
0.10305,0.24741,-0.4916,0.27762,0.084645,-0.016246
0.10201,0.28475,-0.52535,0.27349,0.083572,-0.015691
0.10077,0.32394,-0.5594,0.26778,0.082289,-0.015085
0.099295,0.36487,-0.59338,0.26018,0.080774,-0.014425
0.097561,0.40744,-0.62687,0.2504,0.079001,-0.013707
0.095543,0.45151,-0.65945,0.23816,0.076943,-0.012928
0.093213,0.49697,-0.69071,0.22313,0.074575,-0.012084
0.090544,0.54367,-0.7202,0.20502,0.071867,-0.011172
0.087504,0.59147,-0.74748,0.18354,0.068789,-0.010187
0.084062,0.64022,-0.7721,0.15837,0.065307,-0.0091254
0.080182,0.68975,-0.79363,0.12924,0.061389,-0.0079819
0.075829,0.73987,-0.8116,0.095875,0.056997,-0.0067504
0.070962,0.79039,-0.82556,0.058012,0.052092,-0.005424
0.065541,0.84109,-0.83506,0.015409,0.046632,-0.0039944
0.059519,0.89172,-0.83966,-0.032156,0.040572,-0.0024523
0.052847,0.94204,-0.83888,-0.084885,0.033861,-0.00078664
0.045469,0.99175,-0.8323,-0.14296,0.026445,0.0010147
0.037324,1.0406,-0.81946,-0.20653,0.018261,0.0029654
0.02834,1.0881,-0.79994,-0.27573,0.0092381,0.0050802
0.01843,1.1342,-0.77331,-0.35066,-0.00071048,0.0073747
0.0074896,1.1783,-0.73918,-0.43141,-0.01169,0.0098649
-0.0046151,1.2203,-0.69721,-0.51804,-0.023834,0.012566
-0.018057,1.2598,-0.64711,-0.61055,-0.037316,0.015493
-0.033066,1.2966,-0.58868,-0.70892,-0.052364,0.018656
-0.049952,1.3306,-0.52192,-0.81303,-0.06929,0.022061
-0.069137,1.3617,-0.44709,-0.92264,-0.088515,0.025706
-0.091198,1.3902,-0.36484,-1.0373,-0.11062,0.029575
-0.1169,1.4166,-0.27642,-1.1562,-0.13636,0.033633
-0.14717,1.4416,-0.18373,-1.2781,-0.16667,0.037821
-0.18294,1.4664,-0.089292,-1.4018,-0.20247,0.04205
-0.22459,1.4919,0.0042762,-1.5254,-0.24415,0.046209
-0.27117,1.5191,0.095014,-1.6477,-0.29076,0.050184
-0.31993,1.548,0.18214,-1.7682,-0.33955,0.053895
-0.36733,1.5783,0.2656,-1.8863,-0.38696,0.057311
-0.41062,1.6101,0.3451,-2.0018,-0.43027,0.060444
-0.44869,1.6436,0.41976,-2.114,-0.46836,0.063317
-0.48163,1.6791,0.48846,-2.222,-0.50131,0.065948
-0.51005,1.7171,0.55019,-2.3253,-0.52974,0.068353
-0.53465,1.7576,0.60429,-2.4233,-0.55436,0.070548
-0.5561,1.8007,0.65038,-2.5157,-0.57583,0.072547
-0.57491,1.8464,0.68835,-2.6023,-0.59466,0.074367
-0.5915,1.8944,0.71825,-2.683,-0.61127,0.076023
-0.60619,1.9444,0.74026,-2.7576,-0.62598,0.077533
-0.61925,1.9963,0.75464,-2.8262,-0.63907,0.078913
-0.63088,2.0496,0.7617,-2.8888,-0.65072,0.080177
-0.64124,2.1042,0.76183,-2.9455,-0.66111,0.081339
-0.65048,2.1596,0.7554,-2.9964,-0.67038,0.08241
-0.65871,2.2157,0.74283,-3.0417,-0.67864,0.083401
-0.66604,2.2721,0.72457,-3.0815,-0.68599,0.08432
-0.67254,2.3286,0.70107,-3.116,-0.69253,0.085172
-0.6783,2.3851,0.6728,-3.1456,-0.69832,0.085965
-0.68338,2.4412,0.64025,-3.1705,-0.70343,0.0867
-0.68784,2.4968,0.60392,-3.1909,-0.70794,0.087382
-0.69175,2.5517,0.56434,-3.2073,-0.71188,0.088011
-0.69514,2.6057,0.52204,-3.22,-0.71531,0.08859
-0.69806,2.6586,0.47757,-3.2294,-0.71827,0.089118
-0.70055,2.7103,0.43151,-3.2358,-0.72081,0.089598
-0.70265,2.7606,0.38444,-3.2397,-0.72295,0.090031
-0.7044,2.8093,0.33692,-3.2415,-0.72474,0.090416
-0.70582,2.8562,0.28953,-3.2416,-0.72621,0.090757
-0.70695,2.9013,0.24281,-3.2404,-0.72739,0.091055
-0.70783,2.9442,0.19725,-3.2382,-0.72831,0.091313
-0.70848,2.985,0.15331,-3.2353,-0.72901,0.091535
-0.70893,3.0235,0.11137,-3.2321,-0.7295,0.091724
-0.7092,3.0595,0.071748,-3.2287,-0.72983,0.091884
-0.70934,3.0931,0.034689,-3.2253,-0.73001,0.092021
-0.70936,3.1241,0.00037373,-3.2222,-0.73008,0.092137
-0.70928,3.1526,-0.031082,-3.2193,-0.73005,0.092236
-0.70913,3.1785,-0.059611,-3.2167,-0.72996,0.092324
-0.70893,3.2017,-0.085189,-3.2144,-0.7298,0.092403
-0.70869,3.2224,-0.10782,-3.2125,-0.72962,0.092476
-0.70844,3.2406,-0.12754,-3.211,-0.72942,0.092546
-0.70818,3.2561,-0.14439,-3.2097,-0.72921,0.092615
-0.70793,3.2691,-0.15841,-3.2087,-0.72901,0.092686
-0.7077,3.2796,-0.16966,-3.208,-0.72883,0.092761
-0.70749,3.2876,-0.17818,-3.2075,-0.72867,0.092839
-0.70732,3.293,-0.18401,-3.2072,-0.72855,0.092923
-0.70718,3.296,-0.18717,-3.207,-0.72846,0.093014
-0.70708,3.2965,-0.18768,-3.2071,-0.7284,0.09311
-0.70701,3.2945,-0.18555,-3.2073,-0.72839,0.093213
-0.70699,3.29,-0.18077,-3.2077,-0.72841,0.093323
-0.707,3.283,-0.1733,-3.2082,-0.72847,0.093438
-0.70703,3.2735,-0.16313,-3.209,-0.72856,0.093558
-0.70709,3.2614,-0.15021,-3.21,-0.72867,0.093682
-0.70716,3.2469,-0.13449,-3.2113,-0.72879,0.093809
-0.70724,3.2298,-0.11593,-3.2129,-0.72891,0.093936
-0.7073,3.2101,-0.094468,-3.2148,-0.72903,0.094061
-0.70734,3.1878,-0.070077,-3.217,-0.72912,0.094182
-0.70734,3.1629,-0.042733,-3.2196,-0.72916,0.094296
-0.70728,3.1355,-0.012443,-3.2225,-0.72915,0.094399
-0.70713,3.1054,0.020754,-3.2258,-0.72905,0.094489
-0.70688,3.0728,0.056769,-3.2292,-0.72885,0.09456
-0.7065,3.0377,0.095459,-3.2328,-0.72852,0.09461
-0.70596,3.0002,0.13662,-3.2363,-0.72803,0.094634
-0.70524,2.9602,0.17996,-3.2396,-0.72736,0.094627
-0.7043,2.918,0.22515,-3.2424,-0.72648,0.094586
-0.70311,2.8737,0.27176,-3.2444,-0.72535,0.094508
-0.70165,2.8274,0.31931,-3.2453,-0.72394,0.094389
-0.69988,2.7792,0.36729,-3.2447,-0.72223,0.094227
-0.69777,2.7293,0.41512,-3.2422,-0.72017,0.09402
-0.69528,2.678,0.46223,-3.2374,-0.71774,0.093767
-0.69238,2.6253,0.50804,-3.2298,-0.71489,0.093467
-0.68902,2.5715,0.55197,-3.2191,-0.7116,0.09312
-0.68516,2.5166,0.59344,-3.2049,-0.7078,0.092725
-0.68076,2.461,0.6319,-3.1867,-0.70346,0.092281
-0.67576,2.4048,0.66682,-3.1643,-0.69852,0.091787
-0.6701,2.3481,0.69768,-3.1373,-0.69293,0.091242
-0.66372,2.2913,0.72397,-3.1055,-0.68662,0.090642
-0.65654,2.2344,0.74522,-3.0684,-0.67951,0.089985
-0.64849,2.1777,0.76095,-3.026,-0.67153,0.089264
-0.63947,2.1216,0.77071,-2.9779,-0.66258,0.088473
-0.62936,2.0662,0.77406,-2.924,-0.65255,0.087604
-0.61804,2.0118,0.77059,-2.8643,-0.64131,0.086646
-0.60536,1.9588,0.75991,-2.7985,-0.62871,0.085587
-0.59114,1.9075,0.74166,-2.7266,-0.61457,0.084414
-0.57514,1.8581,0.71552,-2.6486,-0.59866,0.083112
-0.55709,1.8109,0.68124,-2.5645,-0.58069,0.081665
-0.53663,1.7663,0.63868,-2.4744,-0.56032,0.080056
-0.51331,1.7243,0.5878,-2.3784,-0.53709,0.07827
-0.48657,1.6851,0.52878,-2.2768,-0.51043,0.07629
-0.45575,1.6486,0.46205,-2.17,-0.47971,0.074101
-0.42022,1.6145,0.38834,-2.0584,-0.44427,0.071686
-0.37958,1.5826,0.30866,-1.9428,-0.40373,0.069026
-0.33425,1.5525,0.22403,-1.8239,-0.3585,0.066092
-0.2861,1.524,0.1351,-1.7023,-0.31044,0.062854
-0.23837,1.4974,0.042055,-1.5783,-0.26279,0.059305
-0.1944,1.4727,-0.054673,-1.4524,-0.21889,0.055493
-0.15608,1.4492,-0.15355,-1.3258,-0.18065,0.051519
-0.12358,1.4261,-0.25197,-1.1999,-0.14821,0.047511
-0.096106,1.402,-0.34706,-1.0766,-0.1208,0.043581
-0.072663,1.3759,-0.43642,-0.95726,-0.097418,0.039809
-0.052377,1.3471,-0.51841,-0.84282,-0.077191,0.036247
-0.034581,1.3152,-0.59209,-0.73391,-0.059455,0.032921
-0.018791,1.2803,-0.65705,-0.63085,-0.043723,0.029841
-0.0046565,1.2423,-0.71323,-0.53381,-0.029646,0.027004
0.0080784,1.2015,-0.76079,-0.44281,-0.01697,0.0244
0.019601,1.1582,-0.80001,-0.35787,-0.0055053,0.022016
0.030054,1.1127,-0.83124,-0.27892,0.0048893,0.019837
0.039548,1.0654,-0.85489,-0.20591,0.014324,0.017845
0.048169,1.0166,-0.87138,-0.13874,0.022887,0.016025
0.055992,0.96662,-0.88114,-0.077292,0.030651,0.014359
0.063079,0.91583,-0.88464,-0.021433,0.037679,0.012833
0.069484,0.86453,-0.88231,0.028997,0.044025,0.011434
0.075257,0.813,-0.87463,0.074184,0.04974,0.01015
0.080445,0.76149,-0.86205,0.11434,0.054869,0.0089693
0.08509,0.71025,-0.84502,0.14969,0.059454,0.0078841
0.089231,0.6595,-0.82401,0.18048,0.063537,0.0068865
0.092908,0.60942,-0.79946,0.20698,0.067155,0.00597
0.096155,0.56019,-0.77183,0.22948,0.070343,0.0051292
0.099006,0.51197,-0.74157,0.24826,0.073135,0.0043597
0.10149,0.4649,-0.70912,0.26363,0.075564,0.0036574
0.10365,0.41914,-0.67493,0.2759,0.077658,0.0030192
0.10549,0.37479,-0.63942,0.28536,0.079447,0.0024419
0.10706,0.33199,-0.60303,0.29234,0.080957,0.0019226
0.10838,0.29085,-0.56618,0.29715,0.082214,0.0014584
0.10946,0.25149,-0.52927,0.30007,0.083242,0.0010462
0.11035,0.214,-0.4927,0.3014,0.084066,0.00068281
0.11105,0.17849,-0.45684,0.30142,0.084708,0.00036474
0.11159,0.14506,-0.42204,0.30038,0.08519,8.8221e-05
0.11199,0.11378,-0.38863,0.29852,0.085533,-0.0001508
0.11227,0.08475,-0.35688,0.29606,0.085757,-0.00035657
0.11246,0.058029,-0.32706,0.29319,0.085882,-0.00053351
0.11256,0.03368,-0.2994,0.29008,0.085927,-0.00068607
0.1126,0.011755,-0.27408,0.28686,0.085907,-0.00081868
0.11259,-0.0077046,-0.25125,0.28365,0.08584,-0.00093558
0.11255,-0.024664,-0.23104,0.28056,0.08574,-0.0010408
0.11248,-0.039097,-0.21355,0.27764,0.085619,-0.001138
0.11241,-0.050984,-0.19885,0.27497,0.085488,-0.0012304
0.11234,-0.060311,-0.18699,0.27258,0.085356,-0.0013208
0.11227,-0.067069,-0.17802,0.2705,0.085232,-0.0014114
0.11222,-0.07125,-0.17195,0.26875,0.08512,-0.0015039
0.11218,-0.072852,-0.1688,0.26735,0.085024,-0.0015993
0.11216,-0.071873,-0.16857,0.26629,0.084945,-0.0016981
0.11216,-0.068314,-0.17127,0.26558,0.084883,-0.0018002
0.11217,-0.062178,-0.17688,0.26521,0.084835,-0.0019047
0.11218,-0.053468,-0.18539,0.26516,0.084796,-0.0020104
0.11221,-0.042193,-0.19676,0.2654,0.08476,-0.0021152
0.11222,-0.028363,-0.21095,0.26591,0.084718,-0.0022167
0.11222,-0.011995,-0.22789,0.26663,0.08466,-0.0023117
0.1122,0.0068896,-0.24752,0.2675,0.084573,-0.0023967
0.11213,0.028263,-0.26972,0.26845,0.084445,-0.0024676
0.112,0.052089,-0.29436,0.26937,0.084259,-0.0025203
0.1118,0.078322,-0.32128,0.27013,0.083998,-0.00255
0.1115,0.10691,-0.35028,0.27059,0.083645,-0.002552
0.11109,0.13778,-0.38113,0.27058,0.08318,-0.0025215
0.11055,0.17086,-0.41355,0.2699,0.082582,-0.0024536
0.10986,0.20607,-0.44725,0.26832,0.081831,-0.0023438
0.10899,0.24332,-0.48188,0.2656,0.080903,-0.0021875
0.10792,0.28249,-0.51708,0.26146,0.079777,-0.0019805
0.10663,0.32349,-0.55246,0.25563,0.078427,-0.0017188
0.10509,0.3662,-0.58762,0.2478,0.07683,-0.0013988
0.10328,0.41049,-0.62212,0.23767,0.074959,-0.0010168
0.10116,0.45624,-0.65553,0.22493,0.072787,-0.00056931
0.098719,0.50331,-0.68741,0.20925,0.070286,-5.282e-05
0.095916,0.55157,-0.7173,0.19033,0.067425,0.00053646
0.092721,0.60086,-0.74474,0.16786,0.064173,0.0012027
0.089101,0.65102,-0.76928,0.14154,0.060496,0.0019505
0.085019,0.70187,-0.79046,0.11107,0.056356,0.0027854
0.080436,0.75322,-0.8078,0.076174,0.051716,0.0037137
0.07531,0.80486,-0.82086,0.036602,0.046533,0.0047431
0.069597,0.85657,-0.82917,-0.0078913,0.040763,0.0058821
0.063247,0.90808,-0.83226,-0.057525,0.034356,0.0071411
0.056206,0.95912,-0.82969,-0.11249,0.027258,0.0085316
0.048413,1.0094,-0.82098,-0.17297,0.019409,0.010067
0.0398,1.0586,-0.80571,-0.2391,0.010738,0.011761
0.030283,1.1064,-0.78345,-0.31101,0.0011641,0.013629
0.019765,1.1525,-0.75377,-0.38878,-0.0094119,0.015688
0.0081201,1.1966,-0.71631,-0.47249,-0.021114,0.017954
-0.0048089,1.2382,-0.67074,-0.56218,-0.034101,0.020442
-0.019231,1.2773,-0.61681,-0.65782,-0.048581,0.023165
-0.035426,1.3135,-0.55444,-0.75935,-0.064835,0.026133
-0.053775,1.3468,-0.48373,-0.86659,-0.083242,0.029347
-0.074797,1.3774,-0.40515,-0.97916,-0.10432,0.032801
-0.099194,1.4055,-0.31968,-1.0964,-0.12878,0.036469
-0.12786,1.4319,-0.22891,-1.2174,-0.1575,0.040306
-0.16179,1.4575,-0.13516,-1.3408,-0.19149,0.044237
-0.20171,1.4834,-0.04108,-1.4649,-0.23147,0.048163
-0.2473,1.5106,0.050984,-1.5883,-0.27711,0.051969
-0.29641,1.5394,0.13979,-1.7101,-0.32627,0.055559
-0.34548,1.5698,0.22513,-1.8299,-0.37539,0.058882
-0.39116,1.6014,0.30692,-1.9473,-0.42111,0.061929
-0.43167,1.6345,0.38443,-2.0617,-0.46166,0.064717
-0.46673,1.6695,0.45649,-2.1723,-0.49677,0.067262
-0.49689,1.7068,0.52195,-2.2785,-0.52697,0.069577
-0.5229,1.7466,0.57993,-2.3795,-0.55302,0.071675
-0.54546,1.7891,0.62993,-2.4749,-0.57562,0.073568
-0.56518,1.8342,0.67172,-2.5645,-0.59538,0.075274
-0.58251,1.8818,0.70527,-2.6481,-0.61276,0.076806
-0.59782,1.9316,0.73074,-2.7257,-0.62812,0.078183
-0.6114,1.9833,0.74834,-2.7971,-0.64175,0.079421
-0.62348,2.0367,0.7584,-2.8625,-0.65387,0.080534
-0.63423,2.0914,0.76126,-2.9218,-0.66467,0.081537
-0.64381,2.1471,0.75732,-2.9752,-0.6743,0.082443
-0.65234,2.2036,0.74699,-3.0228,-0.68288,0.083261
-0.65992,2.2605,0.7307,-3.0649,-0.69052,0.084002
-0.66666,2.3177,0.70893,-3.1015,-0.6973,0.084671
-0.67262,2.3749,0.68214,-3.1329,-0.70332,0.085275
-0.67788,2.4318,0.65082,-3.1595,-0.70864,0.085818
-0.6825,2.4883,0.61548,-3.1816,-0.71331,0.086304
-0.68654,2.5441,0.57665,-3.1993,-0.71741,0.086734
-0.69005,2.5991,0.53486,-3.2132,-0.72098,0.087109
-0.69307,2.6532,0.49068,-3.2237,-0.72406,0.087432
-0.69565,2.706,0.44468,-3.231,-0.7267,0.087703
-0.69782,2.7575,0.39745,-3.2356,-0.72893,0.087922
-0.69963,2.8074,0.34957,-3.238,-0.7308,0.088092
-0.7011,2.8557,0.30164,-3.2385,-0.73233,0.088214
-0.70226,2.902,0.2542,-3.2375,-0.73356,0.088289
-0.70316,2.9464,0.20778,-3.2355,-0.73452,0.088322
-0.70382,2.9886,0.16286,-3.2327,-0.73525,0.088315
-0.70427,3.0284,0.11984,-3.2295,-0.73576,0.088272
